{"cameraMode":{"drawMode":0,"name":"Shaded","section":"Shading Mode"},"sceneLighting":false,"audioPlay":false,"sceneViewState":{"showFog":false,"showMaterialUpdate":false,"showSkybox":false,"showFlares":false,"showImageEffects":false,"showParticleSystems":false},"in2DMode":false,"pivot":{"x":0.1622471809387207,"y":0.9078943729400635,"z":-0.12015527486801148},"rotation":{"x":-0.15607388317584992,"y":0.5332032442092896,"z":-0.10083157569169998,"w":-0.8253297209739685},"size":7.54840612411499,"orthographic":true}